;VarName;NAAllowed?;SpecificNeighborsReq?;RegExCheck;AllowedToAlreadyExist;NewValuesAllowed;SimilarityCheckBoundary;Type;HasToOccurAsPrimaryIDIN;ConstructedOnBasisOff;Type;CheckTheseSheetsForPrimaryIdOccurenceWhenReplaced;;;;;
RESE;res_entry_id;FALSE;;^(CH|NL|DE|IE|UK|NO|CA|US)_([A-Z]|[a-z]|-){2,60}_([A-Z]|[a-z]|-){1,60}_(([1-2][0,7-9][0-9][0-9]([a-z]{3}){0,1})(-[0-9]){0,1}|(9999)|NA)__(\[incr\]|[0-9]{1,3})$;TRUE;TRUE;;text;;"pers_id;string";prim;;;;;;
RESE;pers_id;FALSE;;^(CH|DE|NL|IE|UK|NO|CA|US)_([A-Z]|[a-z]|-){2,60}_([A-Z]|[a-z]|-){1,60}_(([1-2][0,7-9][0-9][0-9]([a-z]{3}){0,1})(-[0-9]){0,1}|(9999)|NA)$;TRUE;TRUE;;text;POLI;;;;;;;;
RESE;country_abb;TRUE;;^(?:CH|DE|NL|UK|IE|NO|CA|US)$;TRUE;TRUE;;text;;;;;;;;;
RESE;res_entry_raw;TRUE;;.+;TRUE;TRUE;;text;;;;;;;;;
RESE;res_entry_index;TRUE;;[0-9]{1,2};TRUE;TRUE;;text;;;;;;;;;
RESE;res_entry_start;TRUE;;^(([0-9]{2}){0,1}(jan|feb|mar|apr|may|jun|jul|aug|sep|oct|nov|dec){0,1}((1|2)(0|7|8|9)([0-9]{2})))(\[\[(rcen|lcen)\]\]){0,1}|(NA|NC)$;TRUE;TRUE;;text;;;;;;;;;
RESE;res_entry_end;TRUE;;^(([0-9]{2}){0,1}(jan|feb|mar|apr|may|jun|jul|aug|sep|oct|nov|dec){0,1}((1|2)(0|7|8|9)([0-9]{2})))(\[\[(rcen|lcen)\]\]){0,1}|(NA|NC)$;TRUE;TRUE;;text;;;;;;;;;
RESE;res_entry_at;TRUE;;^(([0-9]{2}){0,1}(jan|feb|mar|apr|may|jun|jul|aug|sep|oct|nov|dec){0,1}((1|2)(0|7|8|9)([0-9]{2})))(\[\[(rcen|lcen)\]\]){0,1}|(NA|NC)$;TRUE;TRUE;;text;;;;;;;;;
RESE;res_entry_type;TRUE;;^(pol|prof|educ|iden|oth|elec)$;TRUE;TRUE;;text;;;;;;;;;
RESE;res_entry_source;TRUE;;.+;TRUE;TRUE;;text;;;;;;;;;
RESE;parliament_id;TRUE;;"^([A-Z]{2}_(([A-Z]{2})|([A-Z]{2})-([A-Z]{2}))_[1-2][8-9|0-1][0-9][0-9](;[A-Z]{2}_(([A-Z]{2})|([A-Z]{2})-([A-Z]{2}))_[1-2][8-9|0-1][0-9][0-9]){0,10})|(NA)$";TRUE;TRUE;;text;;;;;;;;;
RESE;faction_id;TRUE;;"^[A-Z]{2}_(([A-Z]{2})|([A-Z]{2})-([A-Z]{2}))_[1-2][8-9|0-1][0-9][0-9]__(CH|NL|DE|IE|UK)_([A-Za-z0-9\|+\\]{2,8})_((IN|EU|NT|SR|(RE-[A-Z]{2})|SD|DI|SM|MU)|([A-Z]{2}))|(CH|NL|DE|IE|UK)_([A-Za-z0-9\|+\\]{2,8})_((IN|EU|NT|SR|(RE-[A-Z]{2})|SD|DI|SM|MU)|([A-Z]{2}));(CH|NL|DE|IE|UK)_([A-Za-z0-9\|+\\]{2,8})_((IN|EU|NT|SR|(RE-[A-Z]{2})|SD|DI|SM|MU)|([A-Z]{2}))$";TRUE;TRUE;;text;FACT;;;;;;;;
RESE;comm_id;TRUE;;^([A-Z]{2}_(([A-Z]{2})|([A-Z]{2})-([A-Z]{2}))_[1-2][8-9|0-1][0-9][0-9]__){1,2}(CO|DL|AG|FA)\|([a-zA-Z /\+-]{0,100})(--((SC|SD|SA)\|[a-zA-Z /\+]{0,20})){0,1}|[0-9]{2}$;TRUE;TRUE;;text;COMM;;;;;;;;
RESE;political_function;TRUE;;"^(((IN|EU|NT|SR|RE|SD|DI|SM|MU|BM|NA|NC)_((LE|LE-LH|LE-UH|LE-LH-FA|LE-UH-FA)|EX|JU|AD|SI|(PA|PA-MA|PA-YO)|IG|OT|NA|NC)_(T1|T2|T3|NA|NC|T1-NA|T1-NC|T1-FA|T2-NA|T2-NC|T1-CO|T2-CO|T2-DL|T2-AG|T2-FA|T3-NA|T3-NA|T3-FA|NA-NA|NC-NC)((-[0-9]{2}){0,1})_([0-9]{4}|NA|NC)_([0-9]{2}|NA|NC)|EDUC_[0-9]{4})|(NA|NC|OT_[A-Z]{2}|EDUC))(;(((IN|EU|NT|SR|RE|SD|DI|SM|MU|NA|NC)_((LE|LE-LH|LE-UH)|EX|JU|AD|SI|(PA|PA-MA|PA-YO)|IG|OT|NA|NC)_(T1|T2|T3|NA|NC|T1-NA|T1-NC|T1-FA|T2-NA|T2-NC|T2-CO|T2-DL|T2-AG|T2-FA|T3-NA|T3-NC|T3-FA|NA-NA|NC-NC)((-[0-9]{2}){0,1})_([0-9]{4}|NA|NC)_([0-9]{2}|NA|NC))|(NA|NC|OT_[A-Z]{2}))){0,10}$";TRUE;TRUE;;text;;;;;;;;;@
RESE;pf_geolevel;TRUE;;^(IN|EU|NT|SR|RE|SD|DI|SM|MU|BM|NA|NC|OT_DB|EDUC)$;TRUE;TRUE;;text;;;;;;;;;
RESE;pf_instdomain;TRUE;;^((LE|LE-LH|LE-UH|LE-LH-FA|LE-UH-FA)|EX|JU|AD|SI|(PA|PA-MA|PA-YO)|IG|OT|NA|NC)$;TRUE;TRUE;;text;;;;;;;;;
RESE;pf_orglevel;TRUE;;^(T1|T2|T3|NA|NC|T1-NA|T1-NC|T1-FA|T2-NA|T2-NC|T1-CO|T2-CO|T2-DL|T2-AG|T2-FA|T3-NA|T3-NA|T3-FA|NA-NA|NC-NC)((-[0-9]{2}){0,1})$;TRUE;TRUE;;text;;;;;;;;;
RESE;pf_policy_area;TRUE;;"^(([0-9]{4}|NA|NC)(;([0-9]{4}|NA|NC)){0,6})";TRUE;TRUE;;text;;;;;;;;;
RESE;pf_position;TRUE;;^([0-9]{2}|NA|NC)$;TRUE;TRUE;;text;;;;;;;;;
RESE;prof_field;TRUE;;.+;TRUE;TRUE;;text;;;;;;;;;
RESE;educ_level_isced2011;TRUE;;^(L01|L02|L03|L04|L05|L06|L07|L08)$;TRUE;TRUE;;text;;;;;;;;;
RESE;educ_field_isced2013;TRUE;;^(F01|F02|F03|F04|F05|F06|F07|F08|F09|F10)$;TRUE;TRUE;;text;;;;;;;;;
RESE;org_id;TRUE;;^((CH|DE|NL|IE|UK)_.{12}|NA)$;TRUE;TRUE;;text;ORGS;;;;;;;;
RESE;isco08;TRUE;;^[0-9]{1,4}|OT.{3,6}$;TRUE;TRUE;;text;;;;;;;;;
RESE;tomas_code;TRUE;;.;TRUE;TRUE;;text;;;;;;;;;
POLI;pers_id;FALSE;;^(CH|DE|NL|IE|UK|NO|CA|US)_([A-Z]|[a-z]|-){2,60}_([A-Z]|[a-z]|-){1,60}_(([1-2][0,7-9][0-9][0-9]([a-z]{3}){0,1})(-[0-9]){0,1}|(9999)|NA)$;TRUE;TRUE;0.8;text;;;prim;"PARE;RESE;MEME;MINE;ELEN";;;;;
POLI;id_nl_polca;TRUE;;^[0-9]{4}$;TRUE;TRUE;;text;;;;;;;;;
POLI;id_nl_pdc_num;TRUE;;[0-9]{3,5}$;TRUE;TRUE;;text;;;;;;;;;
POLI;id_nl_pdc_code;TRUE;;^[a-z][a-z0-9]{2}[a-z0-9]{8,10}$;TRUE;TRUE;;text;;;;;;;;;
POLI;id_de_manow;TRUE;;.+;TRUE;TRUE;;text;;;;;;;;;
POLI;id_ch_parlement;TRUE;;[0-9]{1,4}$;TRUE;TRUE;;text;;;;;;;;;
POLI;id_ie_parliament;TRUE;;.+;TRUE;TRUE;;text;;;;;;;;;
POLI;id_uk_scotparl;TRUE;;^[0-9]{1,5}$;TRUE;TRUE;;text;;;;;;;;;
POLI;id_no_storting;TRUE;;^(?=.{1,6}$)[A-ZÆØÅ]*1?[A-ZÆØÅ]*$;TRUE;TRUE;;text;;;;;;;;;
POLI;id_ca_parlinfo;TRUE;;^\d+$;TRUE;TRUE;;;;;;;;;;;
POLI;id_us_icpsr;TRUE;;[0-9]{1,5}$;TRUE;TRUE;;;;;;;;;;;
POLI;wikidata_id;TRUE;;^Q.+;TRUE;TRUE;;text;;;;;;;;;
POLI;last_name;TRUE;;^([A-Z]|[a-z]|-){1,70}$;TRUE;TRUE;;text;;;;;;;;;
POLI;first_name;TRUE;;^([A-Z]|[a-z]|-){1,60}$;TRUE;TRUE;;text;;;;;;;;;
POLI;other_name;TRUE;;^([A-Z]|[a-z]|-| ){2,60}$;TRUE;TRUE;;text;;;;;;;;;
POLI;gender;TRUE;;(f|m|NA|nb|tm|tf);TRUE;TRUE;;text;;;;;;;;;
POLI;birth_date;TRUE;;^(([0-9]{2}){0,1}(jan|feb|mar|apr|may|jun|jul|aug|sep|oct|nov|dec){0,1}((1|2)(0|7|8|9)([0-9]{2})))(\[\[(rcen|lcen)\]\]){0,1}|(NA|NC)$;TRUE;TRUE;;text;;;;;;;;;
POLI;death_date;TRUE;;^(([0-9]{2}){0,1}(jan|feb|mar|apr|may|jun|jul|aug|sep|oct|nov|dec){0,1}((1|2)(0|7|8|9)([0-9]{2})))(\[\[(rcen|lcen)\]\]){0,1}|(NA|NC)$;TRUE;TRUE;;text;;;;;;;;;
POLI;birth_place_raw;TRUE;;.+;TRUE;TRUE;;text;;;;;;;;;
POLI;citizenship_canton;TRUE;;"^(AG|AR|AI|BL|BS|BE|FR|GE|GL|GR|JU|LU|NE|NW|OW|SG|SH|SZ|SO|TG|TI|UR|VD|VS|ZG|ZH|AG;|AR;|AI;|BL;|BS;|BE;|FR;|GE;|GL;|GR;|JU;|LU;|NE;|NW;|OW;|SG;|SH;|SZ;|SO;|TG;|TI;|UR;|VD;|VS;|ZG;|ZH;){1,6}$";TRUE;TRUE;;text;;;;;;;;;
POLI;hometown_raw;TRUE;;.+;TRUE;TRUE;;text;;;;;;;;;
POLI;title_raw;TRUE;;.+;TRUE;TRUE;;text;;;;;;;;;
POLI;military_raw;TRUE;;.+;TRUE;TRUE;;text;;;;;;;;;
POLI;twitter_screen_name;TRUE;;.+;TRUE;TRUE;;text;;;;;;;;;
POLI;twitter_id;TRUE;;([0-9]|NA|NC);FALSE;TRUE;;text;;;;;;;;;
POLI;facebook_username;TRUE;;^[a-zA-Z0-9][a-zA-Z0-9\._-]{3,48}[a-zA-Z0-9]$;FALSE;TRUE;;text;;;;;;;;;
ELDI;district_id;FALSE;;^((CH|NL|DE|IE|UK)_((NT|RE)|(NT|RE)-([A-Z]{2}))_((1|2)(0|8|9)([0-9]{2}))([a-z]{3}){0,1})__([a-z]|[A-Z]|-|){3,100}(\[(([0-9]{1,2}(-[0-9]{1,2}){0,1})(\|([0-9]{1,2}(-[0-9]{1,2}){0,1})){0,20})\]){0,1}$;TRUE;TRUE;1;text;;;prim;;;;;;
ELDI;parliament_id;TRUE;;^((NL|CH|DE|IE|UK|NO|CA)_((NT|RE)|(NT|RE)-([A-Z]{2}))_((1|2)(0|7|8|9)([0-9]{2}))([a-z]{3}){0,1})$;TRUE;TRUE;;text;PARL;;;;;;;;
ELDI;country_abb;FALSE;;^(?:CH|DE|NL|UK|IE|NO|CA|US)$;TRUE;TRUE;;text;;;;;;;;;
ELDI;region_abb;TRUE;;^([A-Z]{2,4}|[a-z]{4])$;TRUE;TRUE;;text;;;;;;;;;
ELDI;district_aliases;TRUE;;^[0-9]{1,2}|(NA)$;TRUE;TRUE;;text;;;;;;;;;
ELDI;constituency_name;TRUE;;^([a-z]|[A-Z]|-){3,100}$;TRUE;TRUE;;text;;;;;;;;;
ELDI;constituency_code_CLEA;TRUE;;^([0-9]{1,3})|(NA)|NOT_IN_CLEA-20220908$;TRUE;TRUE;;text;;;;;;;;;
ELDI;constituency_name_CLEA;TRUE;;^([A-Z]|[a-z]|\.|ü|â|è| |'|-){3,30}$|NOT_IN_CLEA-20220908;TRUE;TRUE;;text;;;;;;;;;
ELDI;dist_magnitude;TRUE;;^([0-9]{1,3}|-992|-994|NA)$;TRUE;TRUE;;text;;;;;;;;;
ELDI;district_votes_total;TRUE;;^[0-9]{1,9}$;TRUE;TRUE;;text;;;;;;;;;
ELEN;elec_entry_id;FALSE;"list_id;pers_id";"^((((CH|NL|DE|IE|UK)_((NT|RE)|(NT|RE)-([A-Z]{2}))_((1|2)(0|8|9)([0-9]{2}))([a-z]{3}){0,1})__([a-z]|[A-Z]|-|){3,100}(\[(([0-9]{1,2}(-[0-9]{1,2}){0,1})(\|([0-9]{1,2}(-[0-9]{1,2}){0,1})){0,20})\]){0,1}__(([0-9]{2}){0,1}(jan|feb|mar|apr|may|jun|jul|aug|sep|oct|nov|dec){0,1}((1|2)(0|7|8|9)([0-9]{2})))(\[\[(rcen|lcen)\]\]){0,1}|(NA|NC))__([a-z]|[A-Z]|[0-9]|-|\||\+|;){2,200})__((CH|DE|NL|IE|UK)_([A-Z]|[a-z]|-){2,60}_([A-Z]|[a-z]|-){1,60}_(([1-2][0,7-9][0-9][0-9]([a-z]{3}){0,1})(-[0-9]){0,1}|(9999)|NA))$";TRUE;TRUE;1;text;;;prim;;;;;;
ELEN;list_id;FALSE;;"^(((CH|NL|DE|IE|UK)_((NT|RE)|(NT|RE)-([A-Z]{2}))_((1|2)(0|8|9)([0-9]{2}))([a-z]{3}){0,1})__([a-z]|[A-Z]|-|){3,100}(\[(([0-9]{1,2}(-[0-9]{1,2}){0,1})(\|([0-9]{1,2}(-[0-9]{1,2}){0,1})){0,20})\]){0,1}__(([0-9]{2}){0,1}(jan|feb|mar|apr|may|jun|jul|aug|sep|oct|nov|dec){0,1}((1|2)(0|7|8|9)([0-9]{2})))(\[\[(rcen|lcen)\]\]){0,1}|(NA|NC))__([a-z]|[A-Z]|[0-9]|-|\||\+|;){2,200}$";TRUE;TRUE;;text;ELLI;;;;;;;;
ELEN;pers_id;FALSE;;^(CH|DE|NL|IE|UK|NO|CA|US)_([A-Z]|[a-z]|-){2,60}_([A-Z]|[a-z]|-){1,60}_(([1-2][0,7-9][0-9][0-9]([a-z]{3}){0,1})(-[0-9]){0,1}|(9999)|NA)$;TRUE;TRUE;;text;POLI;;;;;;;;
ELEN;elected_bundesblatt;TRUE;;^(0|1)|(NA)$;TRUE;TRUE;;text;;;;;;;;;
ELEN;candidature_type;TRUE;;^(L|D|LD)|(NA)$;TRUE;TRUE;;text;;;;;;;;;
ELEN;seat_type;TRUE;;^(1|2|3|11|12|13)|(NA)$;TRUE;TRUE;;text;;;;;;;;;
ELEN;candidate_votes;TRUE;;^[0-9]{1,5}|(NA)$;TRUE;TRUE;;text;;;;;;;;;
ELEN;district_id;TRUE;;^((CH|NL|DE|IE|UK)_((NT|RE)|(NT|RE)-([A-Z]{2}))_((1|2)(0|8|9)([0-9]{2}))([a-z]{3}){0,1})__([a-z]|[A-Z]|-|){3,100}(\[(([0-9]{1,2}(-[0-9]{1,2}){0,1})(\|([0-9]{1,2}(-[0-9]{1,2}){0,1})){0,20})\]){0,1}$;TRUE;TRUE;;text;ELDI;;;;;;;;
ELLI;list_id;FALSE;;"^(((CH|NL|DE|IE|UK)_((NT|RE)|(NT|RE)-([A-Z]{2}))_((1|2)(0|8|9)([0-9]{2}))([a-z]{3}){0,1})__([a-z]|[A-Z]|-|){3,100}(\[(([0-9]{1,2}(-[0-9]{1,2}){0,1})(\|([0-9]{1,2}(-[0-9]{1,2}){0,1})){0,20})\]){0,1}__(([0-9]{2}){0,1}(jan|feb|mar|apr|may|jun|jul|aug|sep|oct|nov|dec){0,1}((1|2)(0|7|8|9)([0-9]{2})))(\[\[(rcen|lcen)\]\]){0,1}|(NA|NC))__([a-z]|[A-Z]|[0-9]|-|\||\+|;){2,200}$";TRUE;TRUE;1;text;;;prim;;;;;;
ELLI;elec_id;FALSE;;^((CH|NL|DE|IE|UK)_((NT|RE)|(NT|RE)-([A-Z]{2}))_((1|2)(0|8|9)([0-9]{2}))([a-z]{3}){0,1})__([a-z]|[A-Z]|-|){3,100}(\[(([0-9]{1,2}(-[0-9]{1,2}){0,1})(\|([0-9]{1,2}(-[0-9]{1,2}){0,1})){0,20})\]){0,1}__(([0-9]{2}){0,1}(jan|feb|mar|apr|may|jun|jul|aug|sep|oct|nov|dec){0,1}((1|2)(0|7|8|9)([0-9]{2})))(\[\[(rcen|lcen)\]\]){0,1}|(NA|NC)$;TRUE;TRUE;;text;ELEC;;;;;;;;
ELLI;list_name;TRUE;;"^([a-z]|[A-Z]|[0-9]|-|\||\+|;){2,200}$";TRUE;TRUE;;text;;;;;;;;;
ELLI;parliament_id;FALSE;;^((NL|CH|DE|IE|UK|NO|CA)_((NT|RE)|(NT|RE)-([A-Z]{2}))_((1|2)(0|7|8|9)([0-9]{2}))([a-z]{3}){0,1})$;TRUE;TRUE;;text;PARL;;;;;;;;
ELLI;party_id;FALSE;;"^((CH|NL|DE|IE|UK)_([A-Za-z0-9](([A-Za-z0-9])|(-[A-Za-z0-9])){0,11})_((IN|EU|NT|SR|(RE-[A-Z]{2})|SD|DI|SM|MU|([A-Z]{2}))));?$";TRUE;TRUE;;text;;;;;;;;;
ELLI;district_id;FALSE;;^((CH|NL|DE|IE|UK)_((NT|RE)|(NT|RE)-([A-Z]{2}))_((1|2)(0|8|9)([0-9]{2}))([a-z]{3}){0,1})__([a-z]|[A-Z]|-|){3,100}(\[(([0-9]{1,2}(-[0-9]{1,2}){0,1})(\|([0-9]{1,2}(-[0-9]{1,2}){0,1})){0,20})\]){0,1}$;TRUE;TRUE;;text;ELDI;;;;;;;;
ELLI;list_votes_total_source;TRUE;;^[0-9]{1,5}|(NA)|NC$;TRUE;TRUE;;text;;;;;;;;;
ELLI;list_number;TRUE;;"^(([0-9]{1,2})(;[0-9]{1,2}){0,20}|(NA)|NC)$";TRUE;TRUE;;text;;;;;;;;;
ELLI;list_length;TRUE;;^([0-9]{1,2}|([0-9]{1,5}[A-Z]{1})|(NA)|NC)$;TRUE;TRUE;;text;;;;;;;;;
ELLI;list_type;TRUE;;^(party|youth|party_female|other_female|party_male|other_male|multi_party|multi_other|other)$;TRUE;TRUE;;text;;;;;;;;;
ELEC;elec_id;;;^((CH|NL|DE|IE|UK)_((NT|RE)|(NT|RE)-([A-Z]{2}))_((1|2)(0|8|9)([0-9]{2}))([a-z]{3}){0,1})__([a-z]|[A-Z]|-|){3,100}(\[(([0-9]{1,2}(-[0-9]{1,2}){0,1})(\|([0-9]{1,2}(-[0-9]{1,2}){0,1})){0,20})\]){0,1}__(([0-9]{2}){0,1}(jan|feb|mar|apr|may|jun|jul|aug|sep|oct|nov|dec){0,1}((1|2)(0|7|8|9)([0-9]{2})))(\[\[(rcen|lcen)\]\]){0,1}|(NA|NC)$;TRUE;TRUE;1;text;;;prim;;;;;;
ELEC;parliament_id;;;^((NL|CH|DE|IE|UK|NO|CA)_((NT|RE)|(NT|RE)-([A-Z]{2}))_((1|2)(0|7|8|9)([0-9]{2}))([a-z]{3}){0,1})$;TRUE;TRUE;;text;PARL;;;;;;;;
ELEC;district_id;;;^((CH|NL|DE|IE|UK)_((NT|RE)|(NT|RE)-([A-Z]{2}))_((1|2)(0|8|9)([0-9]{2}))([a-z]{3}){0,1})__([a-z]|[A-Z]|-|){3,100}(\[(([0-9]{1,2}(-[0-9]{1,2}){0,1})(\|([0-9]{1,2}(-[0-9]{1,2}){0,1})){0,20})\]){0,1}$;TRUE;TRUE;;text;ELDI;;;;;;;;
ELEC;election_date;TRUE;;^(([0-9]{2}){0,1}(jan|feb|mar|apr|may|jun|jul|aug|sep|oct|nov|dec){0,1}((1|2)(0|7|8|9)([0-9]{2})))(\[\[(rcen|lcen)\]\]){0,1}|(NA|NC)$;TRUE;TRUE;;text;;;;;;;;;
ELEC;election_type;TRUE;;^(regular|early|NA)$;TRUE;TRUE;;text;;;;;;;;;
ELEC;election_mode;TRUE;;^popular|by_other_parliament|town_square$;TRUE;TRUE;;text;;;;;;;;;
ELEC;parliament_id_of_electing_parliament;TRUE;;^((NL|CH|DE|IE|UK|NO|CA)_((NT|RE)|(NT|RE)-([A-Z]{2}))_((1|2)(0|7|8|9)([0-9]{2}))([a-z]{3}){0,1})$;TRUE;TRUE;;text;PARL;;;;;;;;
ELEC;district_votes_total;TRUE;;^[0-9]{1,5}|NA|NC$;TRUE;TRUE;;text;;;;;;;;;
ELEC;election_hierarchy;TRUE;;^main-election|NA|by-election$;TRUE;TRUE;;text;;;;;;;;;
ELEC;round;TRUE;;^1|2$;TRUE;TRUE;;text;;;;;;;;;
PARL;parliament_id;FALSE;;^((NL|CH|DE|IE|UK|NO|CA)_((NT|RE)|(NT|RE)-([A-Z]{2}))_((1|2)(0|7|8|9)([0-9]{2}))([a-z]{3}){0,1})$;TRUE;TRUE;;text;;;prim;;;;;;
PARL;leg_period_start;TRUE;;^(([0-9][0-9][a-z]{3}[1|2][0-9][0-9][0-9])\b|\b[1|2][0-9][0-9][0-9]|NA|NC)$;TRUE;TRUE;;text;;;;;;;;;
PARL;leg_period_end;TRUE;;^(([0-9][0-9][a-z]{3}[1|2][0-9][0-9][0-9])\b|\b[1|2][0-9][0-9][0-9]|NA|NC)$;TRUE;TRUE;;text;;;;;;;;;
PARL;level;TRUE;;^(NT|RE)$;TRUE;TRUE;;text;;;;;;;;;
PARL;country_abb;TRUE;;^(CH|NL|DE|IE|UK|NO|CA|US)$;TRUE;TRUE;;text;;;;;;;;;
PARL;region_abb;TRUE;;^[A-Z]{2}$;TRUE;TRUE;;text;;;;;;;;;
PARL;leg_period;TRUE;;^([0-9]{1,3}|NC|NA)$;TRUE;TRUE;;text;;;;;;;;;
PARL;election_date;TRUE;;^(?:[0-9]{2}[a-z]{3}[12][0-9]{3}|[a-z]{3}[12][0-9]{3}|[12][0-9]{3})$;TRUE;TRUE;;text;;;;;;;;;
PARL;assembly_name;TRUE;;"^(?:[A-Za-z0-9;()'"",.!\/|+\- ]{3,900}|NA)$";TRUE;TRUE;;text;;;;;;;;;
PARL;assembly_abb;TRUE;;^(BT|TK|KR|GR|LP|NR|SR|LR|GC|PL|SE|DE|LT|AH|BS|SP|ST|HC|HR)$;TRUE;TRUE;;text;;;;;;;;;
PARL;election_type;TRUE;;^(regular|early|NA)$;TRUE;TRUE;;text;;;;;;;;;
PARE;parl_episode_id;FALSE;"pers_id;parliament_id;member_ofthisparliament_atsomepoint";^(CH|NL|DE|IE|UK)_([A-Z]|[a-z]|-){2,60}_([A-Z]|[a-z]|-){1,60}_(([1-2][8-9][0-9][0-9]([a-z]{3}){0,1})(-[0-9]){0,1}|(9999)|NA)__[A-Z]{2}_(([A-Z]{2})|([A-Z]{2})-([A-Z]{2}))_[1-2][8-9|0-1][0-9][0-9]$;TRUE;TRUE;0,8;text;;"pers_id;parliament_id";prim;;;;;;
PARE;pers_id;FALSE;;^(CH|DE|NL|IE|UK|NO|CA|US)_([A-Z]|[a-z]|-){2,60}_([A-Z]|[a-z]|-){1,60}_(([1-2][0,7-9][0-9][0-9]([a-z]{3}){0,1})(-[0-9]){0,1}|(9999)|NA)$;TRUE;TRUE;;text;POLI;;;;;;;;
PARE;parliament_id;FALSE;;^((NL|CH|DE|IE|UK|NO|CA)_((NT|RE)|(NT|RE)-([A-Z]{2}))_((1|2)(0|7|8|9)([0-9]{2}))([a-z]{3}){0,1})$;TRUE;TRUE;;text;PARL;;;;;;;;
PARE;member_ofthisparliament_atsomepoint;FALSE;;^yes|no$;TRUE;TRUE;;text;;;;;;;;;
PARE;residence_place_raw;TRUE;;.+;TRUE;TRUE;;text;;;;;;;;;
PARE;residence_adress;TRUE;;.+;TRUE;TRUE;;text;;;;;;;;;
PARE;residence_address_longi;TRUE;;^(-|)([0-9]{1,3}\.[0-9]{2,14}|NA)$;TRUE;TRUE;;text;;;;;;;;;
PARE;residence_address_lati;TRUE;;^(-|)([0-9]{1,3}\.[0-9]{2,14}|NA)$;TRUE;TRUE;;text;;;;;;;;;
PARE;family_status_raw;TRUE;;.+;TRUE;TRUE;;text;;;;;;;;;
PARE;married;TRUE;;^(0|1|NA)$;TRUE;TRUE;;text;;;;;;;;;
PARE;nr_children;TRUE;;^([0-9]{1,2}|NA)$;TRUE;TRUE;;text;;;;;;;;;
PARE;religion_raw;TRUE;;.+;TRUE;TRUE;;text;;;;;;;;;
MINE;min_episode_id;FALSE;;^(CH|NL|DE|IE|UK)_([A-Z]|[a-z]|-){2,60}_([A-Z]|[a-z]|-){1,60}_(([1-2][8-9][0-9][0-9]([a-z]{3}){0,1})(-[0-9]){0,1}|(9999)|NA)__[A-Z]{2}_(([A-Z]{2})|([A-Z]{2})-([A-Z]{2}))_[1-2][8-9|0-1][0-9][0-9]__cab$;TRUE;TRUE;;text;;"pers_id;parliament_id;string";;;;;;;
MINE;pers_id;FALSE;;^(CH|DE|NL|IE|UK|NO|CA|US)_([A-Z]|[a-z]|-){2,60}_([A-Z]|[a-z]|-){1,60}_(([1-2][0,7-9][0-9][0-9]([a-z]{3}){0,1})(-[0-9]){0,1}|(9999)|NA)$;TRUE;TRUE;;text;POLI;;;;;;;;
MINE;parliament_id;FALSE;;^((NL|CH|DE|IE|UK|NO|CA)_((NT|RE)|(NT|RE)-([A-Z]{2}))_((1|2)(0|7|8|9)([0-9]{2}))([a-z]{3}){0,1})$;TRUE;TRUE;;text;PARL;;;;;;;;
PART;party_id;FALSE;;"^((CH|NL|DE|IE|UK)_([A-Za-z0-9](([A-Za-z0-9])|(-[A-Za-z0-9])){0,11})_((IN|EU|NT|SR|(RE-[A-Z]{2})|SD|DI|SM|MU|([A-Z]{2}))));?$";TRUE;TRUE;;text;;;prim;;;;;;
PART;party_level;FALSE;;^(IN|EU|NT|SR|RE|SD|DI|SM|MU|AG|AI|AR|BE|BL|BS|FR|GE|GL|GR|LU|NE|NW|OW|SG|SH|SO|SZ|TG|TI|UR|VD|VS|ZG|ZH)$;TRUE;TRUE;;text;;;;;;;;;
PART;region_abb;TRUE;;[A-Z]{2};TRUE;TRUE;;text;;;;;;;;;
PART;ancestor_party_id;TRUE;;"^(CH|NL|DE|IE|UK)_([A-Za-z0-9\|+\\]{1,8})_((IN|EU|NT|SR|(RE-[A-Z]{2})|SD|DI|SM|MU)|([A-Z]{2}))|(CH|NL|DE|IE|UK)_([A-Za-z0-9\|+\\]{1,8})_((IN|EU|NT|SR|(RE-[A-Z]{2})|SD|DI|SM|MU)|([A-Z]{2}));(CH|NL|DE|IE|UK)_([A-Za-z0-9\|+\\]{1,8})_((IN|EU|NT|SR|(RE-[A-Z]{2})|SD|DI|SM|MU)|([A-Z]{2}))|lookup|none$";TRUE;TRUE;;text;;;;;;;;;
PART;mother_party_id;TRUE;;"^(CH|NL|DE|IE|UK)_([A-Za-z0-9\|+\\]{1,8})_((IN|EU|NT|SR|(RE-[A-Z]{2})|SD|DI|SM|MU)|([A-Z]{2}))|(CH|NL|DE|IE|UK)_([A-Za-z0-9\|+\\]{1,8})_((IN|EU|NT|SR|(RE-[A-Z]{2})|SD|DI|SM|MU)|([A-Z]{2}));(CH|NL|DE|IE|UK)_([A-Za-z0-9\|+\\]{1,8})_((IN|EU|NT|SR|(RE-[A-Z]{2})|SD|DI|SM|MU)|([A-Z]{2}))|lookup|none$";TRUE;TRUE;;text;;;;;;;;;
PART;party_abb;FALSE;;.{1,8};TRUE;TRUE;;text;;;;;;;;;
PART;party_name;TRUE;;"^(([0-9]|[A-Z]|[a-z]|;|-| |(|)|'|,|!|.|/|\||""|\+){3,900}|NA)$";TRUE;TRUE;;text;;;;;;;;;
PART;part_fam;TRUE;;.{1,8};TRUE;TRUE;;text;;;;;;;;;
PART;old_party_name;TRUE;;"^(([0-9]|[A-Z]|[a-z]|;|-| |(|)|'|,|/|\||""){3,900}|NA)$";TRUE;TRUE;;text;;;;;;;;;
PART;old_party_abb;TRUE;;.{1,30};TRUE;TRUE;;text;;;;;;;;;
PART;party_parlgov_id;TRUE;;^([0-9]{1,4}|none)$;TRUE;TRUE;;text;;;;;;;;;
PART;episode_start;TRUE;;^((([0-9][0-9][a-z]{3}[1|2][0-9][0-9][0-9])\b|(\b[1|2][0-9][0-9][0-9])|(\b(jan|feb|mar|apr|may|jun|jul|aug|sep|oct|nov|dec)[1|2][0-9][0-9][0-9]))(\[\[(rcen|lcen)\]\]){0,1}|NA|NC)$;TRUE;TRUE;;text;;;;;;;;;
PART;episode_end;TRUE;;^((([0-9][0-9][a-z]{3}[1|2][0-9][0-9][0-9])\b|(\b[1|2][0-9][0-9][0-9])|(\b(jan|feb|mar|apr|may|jun|jul|aug|sep|oct|nov|dec)[1|2][0-9][0-9][0-9]))(\[\[(rcen|lcen)\]\]){0,1}|NA|NC)$;TRUE;TRUE;;text;;;;;;;;;
PART;part_wikidata_item;TRUE;;^Q[0-9]{1,10}|none|NA$;TRUE;TRUE;;text;;;;;;;;;
MEME;memep_id;FALSE;;"^(CH|DE|NL|IE|UK)_([A-Za-z\-]{2,60})_([A-Za-z\-]{1,60})_(([1-2][8-9][0-9][0-9]([a-z]{3})?)(-[0-9])?|9999|NA)__(((CH|DE|NL|IE|UK)_([A-Za-z0-9|](([A-Za-z0-9|])|(-[A-Za-z0-9|])){1,22})(_(IN|EU|NT|SR|RE-[A-Z]{2}|SD|DI|SM|MU))?)(;)?){1,3}(__)(\[incr\]|[0-9]{1,3})$";TRUE;TRUE;;text;;"pers_id;party_id;string";prim;;;;;;
MEME;pers_id;FALSE;;^(CH|DE|NL|IE|UK|NO|CA|US)_([A-Z]|[a-z]|-){2,60}_([A-Z]|[a-z]|-){1,60}_(([1-2][0,7-9][0-9][0-9]([a-z]{3}){0,1})(-[0-9]){0,1}|(9999)|NA)$;TRUE;TRUE;;text;POLI;;;;;;;;
MEME;party_id;FALSE;;"^((CH|NL|DE|IE|UK)_([A-Za-z0-9](([A-Za-z0-9])|(-[A-Za-z0-9])){0,11})_((IN|EU|NT|SR|(RE-[A-Z]{2})|SD|DI|SM|MU|([A-Z]{2}))));?$";TRUE;TRUE;;text;PART;;;;;;;;
MEME;memep_startdate;TRUE;;^((([0-9][0-9][a-z]{3}[1|2][0-9][0-9][0-9])\b|(\b[1|2][0-9][0-9][0-9])|(\b(jan|feb|mar|apr|may|jun|jul|aug|sep|oct|nov|dec)[1|2][0-9][0-9][0-9]))(\[\[(rcen|lcen)\]\]){0,1}|NA|NC)$;TRUE;TRUE;;text;;;;;;;;;
MEME;memep_enddate;TRUE;;^((([0-9][0-9][a-z]{3}[1|2][0-9][0-9][0-9])\b|(\b[1|2][0-9][0-9][0-9])|(\b(jan|feb|mar|apr|may|jun|jul|aug|sep|oct|nov|dec)[1|2][0-9][0-9][0-9]))(\[\[(rcen|lcen)\]\]){0,1}|NA|NC)$;TRUE;TRUE;;text;;;;;;;;;
MEME;meme_entry_raw;TRUE;;.+;TRUE;TRUE;;text;;;;;;;;;
MEME;meme_entry_source;TRUE;;.+;TRUE;TRUE;;text;;;;;;;;;
MEME;meme_date_altered;TRUE;;^(1|0)$;TRUE;TRUE;;text;;;;;;;;;
MEME;memep_type_raw;FALSE;;^(regular|honorary)$;TRUE;TRUE;;text;;;;;;;;;
ORGS;org_id;FALSE;;^([A-Z]{2})_.{12}$;TRUE;TRUE;;text;;;prim;;;;;;
ORGS;org_name;FALSE;;.+;TRUE;TRUE;;text;;;;;;;;;
ORGS;legal_form;TRUE;;.+;TRUE;TRUE;;text;;;;;;;;;
ORGS;polactive_start_date;TRUE;;^(([0-9][0-9][a-z]{3}[1|2][0-9][0-9][0-9])\b|(\b[1|2][0-9][0-9][0-9])|(\b(jan|feb|mar|apr|may|jun|jul|aug|sep|oct|nov|dec)[1|2][0-9][0-9][0-9]))|NA$;TRUE;TRUE;;text;;;;;;;;;
ORGS;polactive_end_date;TRUE;;^(([0-9][0-9][a-z]{3}[1|2][0-9][0-9][0-9])\b|(\b[1|2][0-9][0-9][0-9])|(\b(jan|feb|mar|apr|may|jun|jul|aug|sep|oct|nov|dec)[1|2][0-9][0-9][0-9]))|NA$;TRUE;TRUE;;text;;;;;;;;;
ORGS;seat_location;TRUE;;.+;TRUE;TRUE;;text;;;;;;;;;
ORGS;zipcode;TRUE;;^([0-9]{4}|NA)$;TRUE;TRUE;;text;;;;;;;;;
ORGS;region_abb;TRUE;;"^([A-Z]{2}|[A-Z]{2};){0,10}$";TRUE;TRUE;;text;;;;;;;;;
ORGS;country_abb;TRUE;;"^([A-Z]{2}|[A-Z]{2};){0,10}$";TRUE;TRUE;;text;;;;;;;;;
ORGS;longitude;TRUE;;^(-|)([0-9]{1,3}\.[0-9]{2,20}|NA)$;TRUE;TRUE;;text;;;;;;;;;
ORGS;latitude;TRUE;;^(-|)([0-9]{1,3}\.[0-9]{2,20}|NA)$;TRUE;TRUE;;text;;;;;;;;;
ORGS;ig_type;TRUE;;^([0-9]{2}|NA|OT|SI)$;TRUE;TRUE;;text;;;;;;;;;
ORGS;policy_area;TRUE;;"^(([0-9]{4}|NA|NC)(;([0-9]{4}|NA|NC)){0,6})";TRUE;TRUE;;text;;;;;;;;;
ORGS;address_raw;TRUE;;.+;TRUE;TRUE;;text;;;;;;;;;
ORGS;GAVA_assoc_id;TRUE;;^([0-9]{1,5}|NA)$;TRUE;TRUE;;text;;;;;;;;;
ORGS;GAVA_assoc_name;TRUE;;.+;TRUE;TRUE;;text;;;;;;;;;
ORGS;GAVA_assoc_aggregate_name;TRUE;;.+;TRUE;TRUE;;text;;;;;;;;;
ORGS;GAVA_assoc_legal_form;TRUE;;^([0-9]{2}|NA)$;TRUE;TRUE;;text;;;;;;;;;
ORGS;GAVA_assoc_general;TRUE;;^(NA|Association|Fondation|Societe|Commission|Droit public)$;TRUE;TRUE;;text;;;;;;;;;
ORGS;GAVA_assoc_ig_type;TRUE;;^([0-9]{2}|NA)$;TRUE;TRUE;;text;;;;;;;;;
ORGS;GAVA_assoc_ig_type_name;TRUE;;^(Business groups|Hobby/leisure groups|Identity groups|Institutional associations|Occupational associations|Public interest groups|Religious groups|Unions|NA)$;TRUE;TRUE;;text;;;;;;;;;
ORGS;GAVA_assoc_ig_code;TRUE;;^([0-9]{2}|NA|810)$;TRUE;TRUE;;text;;;;;;;;;
ORGS;GAVA_assoc_ig_code_name;TRUE;;^(Arts|Humanitarian - national|Local development|Private firm/company|Other institutional associations, incl. State and Federal agencies|NA|Public utility company|Ideological and political groups|Sector-wide business groups|Sport|Other occupational associations|Heritage and History|Technical associations|Other public interest group|Humanitarian - international|Environment and animal welfare|Peak-level business groups|Associations of local authorities|Other identity groups|Universities \(Researchers, Academics\)|Family foundations and catch-all foundations|Hospitals|Other religious groups|Students|Consumer group|Associations of other public institutions|Sectoral federations|Family issues|Peak-level Unions|Other hobby/leisure|Patients|Women|Racial or ethnic|Educational: Community College and below|Other business groups|Teacher's associations|Associations of directors|Doctors' associations|Individual city, county or its agency|Churches|Elderly|Associations of other medical professions|Friendship groups|NA)$;TRUE;TRUE;;text;;;;;;;;;
ORGS;GAVA_level;TRUE;;^(1|2|3|4|98|NA)$;TRUE;TRUE;;text;;;;;;;;;
ORGS;GAVA_category;TRUE;;^(Local|Regional/Cantonal|National|International|NA)$;TRUE;TRUE;;text;;;;;;;;;
ORGS;GAVA_topic;TRUE;;^(1|2|3|4|5|6|7|8|9|10|11|12|13|14|15|16|17|18|19|20|21|NA)$;TRUE;TRUE;;text;;;;;;;;;
ORGS;GAVA_topic_business;TRUE;;^(15([0-9]{2})|98|NA)$;TRUE;TRUE;;text;;;;;;;;;
ORGS;NCCR_nqid;TRUE;;^([0-9]{4}|[0-9]{3}|[0-9]{2}|[0-9]{1}|NA)$;TRUE;TRUE;;text;;;;;;;;;
ORGS;NCCR_A4 Organisation;TRUE;;.+;TRUE;TRUE;;text;;;;;;;;;
ORGS;GK_interest_group;TRUE;;.+;TRUE;TRUE;;text;;;;;;;;;
ORGS;GK_canton_ig_raw;TRUE;;.+;TRUE;TRUE;;text;;;;;;;;;
ORGS;GK_type;TRUE;;^(culture|ngo|prof|public|comp|business|other|tourist|sport|leisure|99|media|union|prof |ngo/public|NA)$;TRUE;TRUE;;text;;;;;;;;;
ORGS;GK_policy_code;TRUE;;^[0-9]{1,2}|NA$;TRUE;TRUE;;text;;;;;;;;;
FACT;faction_episode_id;FALSE;;"^[A-Z]{2}_(([A-Z]{2})|([A-Z]{2})-([A-Z]{2}))_[1-2][8-9|0-1][0-9][0-9]__(CH|NL|DE|IE|UK)_([A-Za-z0-9\|+\\]{2,8})_((IN|EU|NT|SR|(RE-[A-Z]{2})|SD|DI|SM|MU)|([A-Z]{2}))|(CH|NL|DE|IE|UK)_([A-Za-z0-9\|+\\]{2,8})_((IN|EU|NT|SR|(RE-[A-Z]{2})|SD|DI|SM|MU)|([A-Z]{2}));(CH|NL|DE|IE|UK)_([A-Za-z0-9\|+\\]{2,8})_((IN|EU|NT|SR|(RE-[A-Z]{2})|SD|DI|SM|MU)|([A-Z]{2}))$";TRUE;TRUE;1;text;;;prim;;;;;;
FACT;faction_id;FALSE;;"^[A-Z]{2}_(([A-Z]{2})|([A-Z]{2})-([A-Z]{2}))_[1-2][8-9|0-1][0-9][0-9]__(CH|NL|DE|IE|UK)_([A-Za-z0-9\|+\\]{2,8})_((IN|EU|NT|SR|(RE-[A-Z]{2})|SD|DI|SM|MU)|([A-Z]{2}))|(CH|NL|DE|IE|UK)_([A-Za-z0-9\|+\\]{2,8})_((IN|EU|NT|SR|(RE-[A-Z]{2})|SD|DI|SM|MU)|([A-Z]{2}));(CH|NL|DE|IE|UK)_([A-Za-z0-9\|+\\]{2,8})_((IN|EU|NT|SR|(RE-[A-Z]{2})|SD|DI|SM|MU)|([A-Z]{2}))$";TRUE;TRUE;;text;;;;;;;;;
FACT;faction_name ;TRUE;;.+;TRUE;TRUE;;text;;;;;;;;;
FACT;faction_party_ids;TRUE;;"^((CH|NL|DE|IE|UK)_([A-Za-z0-9\|+\\]{2,8})_((IN|EU|NT|SR|(RE-[A-Z]{2})|SD|DI|SM|MU)|([A-Z]{2}))(--|;){0,1}){1,9}((__[0-9])|)$";TRUE;TRUE;;text;;;;;;;;;
FACT;parliament_id;TRUE;;^((NL|CH|DE|IE|UK|NO|CA)_((NT|RE)|(NT|RE)-([A-Z]{2}))_((1|2)(0|7|8|9)([0-9]{2}))([a-z]{3}){0,1})$;TRUE;TRUE;;text;PARL;;;;;;;;
FACT;seats;TRUE;;^[0-9]{1,3}|NA$;TRUE;TRUE;;text;;;;;;;;;
FACT;faction_start;TRUE;;^((([0-9][0-9][a-z]{3}[1|2][0-9][0-9][0-9])\b|(\b[1|2][0-9][0-9][0-9])|(\b(jan|feb|mar|apr|may|jun|jul|aug|sep|oct|nov|dec)[1|2][0-9][0-9][0-9]))(\[\[(rcen|lcen)\]\]){0,1}|NA|NC)$;TRUE;TRUE;;text;;;;;;;;;
FACT;faction_end;TRUE;;^((([0-9][0-9][a-z]{3}[1|2][0-9][0-9][0-9])\b|(\b[1|2][0-9][0-9][0-9])|(\b(jan|feb|mar|apr|may|jun|jul|aug|sep|oct|nov|dec)[1|2][0-9][0-9][0-9]))(\[\[(rcen|lcen)\]\]){0,1}|NA|NC)$;TRUE;TRUE;;text;;;;;;;;;
QUOT;quot_ep_id;TRUE;;"^((CH|NL|DE|IE|UK)_([A-Za-z0-9\|+\\]{2,8})_((IN|EU|NT|SR|(RE-[A-Z]{2})|SD|DI|SM|MU)|([A-Z]{2}))(;){0,1}){1,1}__[0-5]$";TRUE;TRUE;;text;;"party_id;string";prim;;;;;;
QUOT;party_id;TRUE;;"^((CH|NL|DE|IE|UK)_([A-Za-z0-9](([A-Za-z0-9])|(-[A-Za-z0-9])){0,11})_((IN|EU|NT|SR|(RE-[A-Z]{2})|SD|DI|SM|MU|([A-Z]{2}))));?$";TRUE;TRUE;;text;PART;;;;;;;;
QUOT;quot_ep_startdate;TRUE;;^([0-9][0-9][a-z]{3}[1|2][0-9][0-9][0-9])\b|\b[1|2][0-9][0-9][0-9]$;TRUE;TRUE;;text;;;;;;;;;
QUOT;quot_ep_enddate;TRUE;;^([0-9][0-9][a-z]{3}[1|2][0-9][0-9][0-9])\b|\b[1|2][0-9][0-9][0-9]$;TRUE;TRUE;;text;;;;;;;;;
QUOT;quota_bin;TRUE;;^(0|1|NA)$;TRUE;TRUE;;text;;;;;;;;;
QUOT;quota_percentage;TRUE;;^[0-9]{1,2}|NA$;TRUE;TRUE;;text;;;;;;;;;
QUOT;quota_zipper;TRUE;;^(0|1|NA)$;TRUE;TRUE;;text;;;;;;;;;
QUOT;quota_soft;TRUE;;^(0|1|NA)$;TRUE;TRUE;;text;;;;;;;;;
QUOT;quota_execution;TRUE;;^(0|1|NA)$;TRUE;TRUE;;text;;;;;;;;;
COMM;comm_id;FALSE;;^([A-Z]{2}_(([A-Z]{2})|([A-Z]{2})-([A-Z]{2}))_[1-2][8-9|0-1][0-9][0-9]__){1,2}(CO|DL|AG|FA)\|([a-zA-Z /\+-]{0,100})(--((SC|SD|SA)\|[a-zA-Z /\+]{0,20})){0,1}|[0-9]{2}$;TRUE;TRUE;;text;;;prim;;;;;;
COMM;parliament_id;TRUE;;"^[A-Z]{2}_(([A-Z]{2})|([A-Z]{2})-([A-Z]{2}))_[1-2][8-9|0-1][0-9][0-9];{0,1}([A-Z]{2}_(([A-Z]{2})|([A-Z]{2})-([A-Z]{2}))_[1-2][8-9|0-1][0-9][0-9]){0,1}$";TRUE;TRUE;;text;;;;;;;;;
COMM;comm_name;TRUE;;.+;TRUE;TRUE;;text;;;;;;;;;
COMM;comm_maintype;TRUE;;^(CO|DL|AG|FA|NA)$;TRUE;TRUE;;text;;;;;;;;;
COMM;comm_subtype;TRUE;;^(SC|SD|SA|NA)$;TRUE;TRUE;;text;;;;;;;;;
COMM;comm_maintype_abb;TRUE;;.+;TRUE;TRUE;;text;;;;;;;;;
COMM;comm_subtype_abb;TRUE;;.+;TRUE;TRUE;;text;;;;;;;;;
COMM;seats;TRUE;;"^([0-9]{1,2}(;[0-9]{1,2}){0,3})|NC|NA$";TRUE;TRUE;;text;;;;;;;;;
COMM;comm_start;TRUE;;^((([0-9][0-9][a-z]{3}[1|2][0-9][0-9][0-9])\b|(\b[1|2][0-9][0-9][0-9])|(\b(jan|feb|mar|apr|may|jun|jul|aug|sep|oct|nov|dec)[1|2][0-9][0-9][0-9]))(\[\[(rcen|lcen)\]\]){0,1}|NA|NC)$;TRUE;TRUE;;text;;;;;;;;;
COMM;comm_end;TRUE;;^((([0-9][0-9][a-z]{3}[1|2][0-9][0-9][0-9])\b|(\b[1|2][0-9][0-9][0-9])|(\b(jan|feb|mar|apr|may|jun|jul|aug|sep|oct|nov|dec)[1|2][0-9][0-9][0-9]))(\[\[(rcen|lcen)\]\]){0,1}|NA|NC)$;TRUE;TRUE;;text;;;;;;;;;
